Ave_Time,AVE Book1
12/30/2018 12:00,0.0
12/30/2018 13:00,0.0025468680000000003
12/30/2018 14:00,0.005568148166666666
12/30/2018 15:00,0.00315098775
12/30/2018 16:00,0.006673974666666666
12/30/2018 17:00,0.007221049166666667
12/30/2018 18:00,0.0
12/30/2018 19:00,0.0011203559166666668
12/30/2018 20:00,0.0005470702500000001
12/30/2018 21:00,0.0030146544166666667
12/30/2018 22:00,0.0016133055833333335
12/30/2018 23:00,0.0
12/31/2018 0:00,0.0
12/31/2018 1:00,0.006582105
12/31/2018 2:00,0.0
12/31/2018 3:00,0.0005470702500000001
12/31/2018 4:00,0.0071116136666666665
12/31/2018 5:00,0.0010941405000000001
12/31/2018 6:00,0.0
12/31/2018 7:00,0.016371975583333333
12/31/2018 8:00,0.004537420083333334
12/31/2018 9:00,0.004484217666666667
12/31/2018 10:00,0.004188433916666667
12/31/2018 11:00,0.010348992166666668
12/31/2018 12:00,0.008383397083333334
12/31/2018 13:00,0.0028437998333333335
12/31/2018 14:00,0.0025637023333333333
12/31/2018 15:00,0.004551419333333333
12/31/2018 16:00,0.0027352440833333332
12/31/2018 17:00,0.0154616915
12/31/2018 18:00,0.0
12/31/2018 19:00,0.006032465000000001
12/31/2018 20:00,0.0
12/31/2018 21:00,0.0
12/31/2018 22:00,0.0020166320833333333
12/31/2018 23:00,0.0
01/01/2019 0:00,0.0
01/01/2019 1:00,0.0021881951666666666
01/01/2019 2:00,0.0016245249166666666
01/01/2019 3:00,0.004551419333333333
01/01/2019 4:00,0.0010325155
01/01/2019 5:00,0.0
01/01/2019 6:00,0.0
01/01/2019 7:00,0.004551419333333333
01/01/2019 8:00,0.0
01/01/2019 9:00,0.0
01/01/2019 10:00,0.0
01/01/2019 11:00,0.0
01/01/2019 12:00,0.0
01/01/2019 13:00,0.0
01/01/2019 14:00,0.003067871
01/01/2019 15:00,0.003683839
01/01/2019 16:00,0.0
01/01/2019 17:00,0.0
01/01/2019 18:00,0.004293906833333333
01/01/2019 19:00,0.0037671882499999997
01/01/2019 20:00,0.0027352440833333332
01/01/2019 21:00,0.0
01/01/2019 22:00,0.0027352440833333332
01/01/2019 23:00,0.004180942250000001
01/02/2019 0:00,0.00595595475
01/02/2019 1:00,0.0
01/02/2019 2:00,0.0053810651666666666
01/02/2019 3:00,0.008800876083333334
01/02/2019 4:00,0.014705994583333335
01/02/2019 5:00,0.00153179675
01/02/2019 6:00,0.0010396958333333333
01/02/2019 7:00,0.009163302083333333
01/02/2019 8:00,0.00595189075
01/02/2019 9:00,0.01756118091666667
01/02/2019 10:00,0.010393927916666667
01/02/2019 11:00,0.013478020583333333
01/02/2019 12:00,0.013572423833333333
01/02/2019 13:00,0.0029129081666666667
01/02/2019 14:00,0.0016418102500000001
01/02/2019 15:00,0.015900393
01/02/2019 16:00,0.01569369916666667
01/02/2019 17:00,0.009178862000000001
01/02/2019 18:00,0.008524786666666668
01/02/2019 19:00,0.040503473000000005
01/02/2019 20:00,0.0029796877499999996
01/02/2019 21:00,0.004135688916666667
01/02/2019 22:00,0.004923460583333333
01/02/2019 23:00,0.007741996
01/03/2019 0:00,0.010428337416666668
01/03/2019 1:00,0.014976313416666664
01/03/2019 2:00,0.007636016999999999
01/03/2019 3:00,0.008523202416666669
01/03/2019 4:00,0.006459908833333333
01/03/2019 5:00,0.012881665166666667
01/03/2019 6:00,0.006283811833333333
01/03/2019 7:00,0.0099825515
01/03/2019 8:00,0.018807731166666668
01/03/2019 9:00,0.022980877833333333
01/03/2019 10:00,0.012012460333333334
01/03/2019 11:00,0.0028709805
01/03/2019 12:00,0.0008962847499999999
01/03/2019 13:00,0.00455144625
01/03/2019 14:00,0.004551419333333333
01/03/2019 15:00,0.005126973
01/03/2019 16:00,0.0033890688333333336
01/03/2019 17:00,0.0032014791666666667
01/03/2019 18:00,0.0049234185
01/03/2019 19:00,0.0
01/03/2019 20:00,0.0011203559166666668
01/03/2019 21:00,0.003629936
01/03/2019 22:00,0.0005470702500000001
01/03/2019 23:00,0.0
01/04/2019 0:00,0.0008260124166666667
01/04/2019 1:00,0.0031729005000000004
01/04/2019 2:00,0.0025383203333333333
01/04/2019 3:00,0.0017505561666666667
01/04/2019 4:00,0.0
01/04/2019 5:00,0.0012906443333333332
01/04/2019 6:00,0.0
01/04/2019 7:00,0.0
01/04/2019 8:00,0.0014004448333333334
01/04/2019 9:00,0.0
01/04/2019 10:00,0.0
01/04/2019 11:00,0.0
01/04/2019 12:00,0.0
01/04/2019 13:00,0.0
01/04/2019 14:00,0.0018642611666666664
01/04/2019 15:00,0.0
01/04/2019 16:00,0.0
01/04/2019 17:00,0.0012906443333333332
01/04/2019 18:00,0.0
01/04/2019 19:00,0.0
01/04/2019 20:00,0.0
01/04/2019 21:00,0.0
01/04/2019 22:00,0.0
01/04/2019 23:00,0.0
01/05/2019 0:00,0.0
01/05/2019 1:00,0.0
01/05/2019 2:00,0.0
01/05/2019 3:00,0.0
01/05/2019 4:00,0.0005470702500000001
01/05/2019 5:00,0.0
01/05/2019 6:00,0.0
01/05/2019 7:00,0.0014433550000000001
01/05/2019 8:00,0.0
01/05/2019 9:00,0.0
01/05/2019 10:00,0.0
01/05/2019 11:00,0.0
01/05/2019 12:00,0.0
01/05/2019 13:00,0.0
01/05/2019 14:00,0.0
01/05/2019 15:00,0.0
01/05/2019 16:00,0.0
01/05/2019 17:00,0.0
01/05/2019 18:00,0.0
01/05/2019 19:00,0.0
01/05/2019 20:00,0.0
01/05/2019 21:00,0.0
01/05/2019 22:00,0.0
01/05/2019 23:00,0.003498846083333333
01/06/2019 0:00,0.0
01/06/2019 1:00,0.0
01/06/2019 2:00,0.0
01/06/2019 3:00,0.0
01/06/2019 4:00,0.0
01/06/2019 5:00,0.0
01/06/2019 6:00,0.0
01/06/2019 7:00,0.0
01/06/2019 8:00,0.0
01/06/2019 9:00,0.0
01/06/2019 10:00,0.00241100025
01/06/2019 11:00,0.0012640980833333335
01/06/2019 12:00,0.0
01/06/2019 13:00,0.003938734833333333
01/06/2019 14:00,0.012334656
01/06/2019 15:00,0.0
01/06/2019 16:00,0.005111605583333334
01/06/2019 17:00,0.004708985166666666
01/06/2019 18:00,0.0
01/06/2019 19:00,0.0
01/06/2019 20:00,0.003999342166666667
01/06/2019 21:00,0.0013459140833333334
01/06/2019 22:00,0.0
01/06/2019 23:00,0.00320975925
01/07/2019 0:00,0.008966327
01/07/2019 1:00,0.003758262166666667
01/07/2019 2:00,0.0
01/07/2019 3:00,0.01276091
01/07/2019 4:00,0.0
01/07/2019 5:00,0.003084479916666667
01/07/2019 6:00,0.003190793166666667
01/07/2019 7:00,0.007282292166666667
01/07/2019 8:00,0.0047487158333333335
01/07/2019 9:00,0.00073525725
01/07/2019 10:00,0.0017505561666666667
01/07/2019 11:00,0.0
01/07/2019 12:00,0.0
01/07/2019 13:00,0.011298786083333333
01/07/2019 14:00,0.0007172431666666667
01/07/2019 15:00,0.0021881951666666666
01/07/2019 16:00,0.0018377203333333333
01/07/2019 17:00,0.0068924505833333335
01/07/2019 18:00,0.008108293416666667
01/07/2019 19:00,0.01992897925
01/07/2019 20:00,0.006970736666666667
01/07/2019 21:00,0.007111613333333333
01/07/2019 22:00,0.01203944725
01/07/2019 23:00,0.0
01/08/2019 0:00,0.008558679083333333
01/08/2019 1:00,0.004762836249999999
01/08/2019 2:00,0.00273535125
01/08/2019 3:00,0.0014914089166666667
01/08/2019 4:00,0.0
01/08/2019 5:00,0.019056640583333333
01/08/2019 6:00,0.0
01/08/2019 7:00,0.0
01/08/2019 8:00,0.005256034083333333
01/08/2019 9:00,0.0
01/08/2019 10:00,0.0
01/08/2019 11:00,0.0
01/08/2019 12:00,0.0012640980833333332
01/08/2019 13:00,0.0
01/08/2019 14:00,0.0
01/08/2019 15:00,0.0
01/08/2019 16:00,0.0016674261666666669
01/08/2019 17:00,0.004376390333333333
01/08/2019 18:00,0.012307751916666667
01/08/2019 19:00,0.0053391835000000006
01/08/2019 20:00,0.0
01/08/2019 21:00,0.0077227630000000005
01/08/2019 22:00,0.0018585279166666666
01/08/2019 23:00,0.004923439583333334
01/09/2019 0:00,0.0
01/09/2019 1:00,0.0021604178333333333
01/09/2019 2:00,0.002760551333333333
01/09/2019 3:00,0.004135710250000001
01/09/2019 4:00,0.0017505561666666667
01/09/2019 5:00,0.012800883499999999
01/09/2019 6:00,0.002887267166666667
01/09/2019 7:00,0.00315098775
01/09/2019 8:00,0.0012906443333333332
01/09/2019 9:00,0.0012640980833333335
01/09/2019 10:00,0.0
01/09/2019 11:00,0.00315098775
01/09/2019 12:00,0.0
01/09/2019 13:00,0.0
01/09/2019 14:00,0.0017505561666666667
01/09/2019 15:00,0.0005470702500000001
01/09/2019 16:00,0.0
01/09/2019 17:00,0.0
01/09/2019 18:00,0.0008962847499999999
01/09/2019 19:00,0.0
01/09/2019 20:00,0.0
01/09/2019 21:00,0.0
01/09/2019 22:00,0.0021881951666666666
01/09/2019 23:00,0.0
01/10/2019 0:00,0.0019273566666666668
01/10/2019 1:00,0.0
01/10/2019 2:00,0.0
01/10/2019 3:00,0.00252080075
01/10/2019 4:00,0.0026911439166666666
01/10/2019 5:00,0.0005470702500000001
01/10/2019 6:00,0.0025208009166666667
01/10/2019 7:00,0.0021882808333333332
01/10/2019 8:00,0.0020435250833333333
01/10/2019 9:00,0.007057303500000001
01/10/2019 10:00,0.008724898083333333
01/10/2019 11:00,0.0017505561666666667
01/10/2019 12:00,0.00141446975
01/10/2019 13:00,0.0035612565000000002
01/10/2019 14:00,0.0049234185
01/10/2019 15:00,0.003014207583333333
01/10/2019 16:00,0.0073025795
01/10/2019 17:00,0.004138497333333334
01/10/2019 18:00,0.008009279083333333
01/10/2019 19:00,0.0
01/10/2019 20:00,0.0
01/10/2019 21:00,0.003729614416666667
01/10/2019 22:00,0.004575955416666666
01/10/2019 23:00,0.009669589916666667
01/11/2019 0:00,0.0012906443333333332
01/11/2019 1:00,0.003531696166666667
01/11/2019 2:00,0.0027352440833333332
01/11/2019 3:00,0.00512819275
01/11/2019 4:00,0.008664151416666667
01/11/2019 5:00,0.0034988455
01/11/2019 6:00,0.008649627583333335
01/11/2019 7:00,0.012062652916666666
01/11/2019 8:00,0.00696289675
01/11/2019 9:00,0.02263750691666667
01/11/2019 10:00,0.034290130583333335
01/11/2019 11:00,0.0074774145000000005
01/11/2019 12:00,0.0005470702500000001
01/11/2019 13:00,0.009868884083333333
01/11/2019 14:00,0.00842418325
01/11/2019 15:00,0.010235236
01/11/2019 16:00,0.011790815416666668
01/11/2019 17:00,0.0018761338333333332
01/11/2019 18:00,0.009490247666666667
01/11/2019 19:00,0.026455814333333338
01/11/2019 20:00,0.0044619885
01/11/2019 21:00,0.010192293583333333
01/11/2019 22:00,0.0031941634166666663
01/11/2019 23:00,0.007620855333333333
01/12/2019 0:00,0.0047848515
01/12/2019 1:00,0.00434184725
01/12/2019 2:00,0.0059557225
01/12/2019 3:00,0.013476281833333334
01/12/2019 4:00,0.007549247999999999
01/12/2019 5:00,0.022579688333333334
01/12/2019 6:00,0.005689273916666667
01/12/2019 7:00,0.006891887916666666
01/12/2019 8:00,0.009598460166666668
01/12/2019 9:00,0.009985883583333334
01/12/2019 10:00,0.010483149916666669
01/12/2019 11:00,0.00507712825
01/12/2019 12:00,0.0012906443333333332
01/12/2019 13:00,0.0014914089166666667
01/12/2019 14:00,0.0021805096666666665
01/12/2019 15:00,0.0
01/12/2019 16:00,0.0
01/12/2019 17:00,0.0
01/12/2019 18:00,0.010700232416666665
01/12/2019 19:00,0.003821863833333333
01/12/2019 20:00,0.0
01/12/2019 21:00,0.0053375375000000004
01/12/2019 22:00,0.0018642611666666664
01/12/2019 23:00,0.0011203559166666668
01/13/2019 0:00,0.0005470702500000001
01/13/2019 1:00,0.00485681975
01/13/2019 2:00,0.015343587416666665
01/13/2019 3:00,0.004216372083333334
01/13/2019 4:00,0.008512144166666668
01/13/2019 5:00,0.0008260124166666667
01/13/2019 6:00,0.0354988225
01/13/2019 7:00,0.0007170278333333333
01/13/2019 8:00,0.0014004448333333334
01/13/2019 9:00,0.0016674699166666668
01/13/2019 10:00,0.0010176885833333333
01/13/2019 11:00,0.006486451166666666
01/13/2019 12:00,0.0
01/13/2019 13:00,0.0
01/13/2019 14:00,0.0025284114999999997
01/13/2019 15:00,0.00919035325
01/13/2019 16:00,0.004818484833333333
01/13/2019 17:00,0.0064333020833333325
01/13/2019 18:00,0.005612961916666666
01/13/2019 19:00,0.005273564416666667
01/13/2019 20:00,0.008512037083333333
01/13/2019 21:00,0.002016640666666667
01/13/2019 22:00,0.0083084365
01/13/2019 23:00,0.0070897222499999996
01/14/2019 0:00,0.005971481166666666
01/14/2019 1:00,0.008506982416666668
01/14/2019 2:00,0.009055765499999998
01/14/2019 3:00,0.002336929083333333
01/14/2019 4:00,0.0096251655
01/14/2019 5:00,0.0062035620833333326
01/14/2019 6:00,0.034734969166666664
01/14/2019 7:00,0.0021869290833333335
01/14/2019 8:00,0.0024973724166666668
01/14/2019 9:00,0.0037223886666666664
01/14/2019 10:00,0.006932571833333334
01/14/2019 11:00,0.021539666833333332
01/14/2019 12:00,0.007112167916666666
01/14/2019 13:00,0.010157984666666666
01/14/2019 14:00,0.007242079166666668
01/14/2019 15:00,0.008407129166666668
01/14/2019 16:00,0.0354530595
01/14/2019 17:00,0.009632382583333333
01/14/2019 18:00,0.00963634225
01/14/2019 19:00,0.0
01/14/2019 20:00,0.01069940075
01/14/2019 21:00,0.00564815225
01/14/2019 22:00,0.0
01/14/2019 23:00,0.0038091845000000004
01/15/2019 0:00,0.0010325155
01/15/2019 1:00,0.0019503021666666667
01/15/2019 2:00,0.0031510010833333334
01/15/2019 3:00,0.0049234185
01/15/2019 4:00,0.0033983842499999994
01/15/2019 5:00,0.007632395583333333
01/15/2019 6:00,0.006047717166666667
01/15/2019 7:00,0.00711159225
01/15/2019 8:00,0.00089631975
01/15/2019 9:00,0.00576565775
01/15/2019 10:00,0.0020166320833333333
01/15/2019 11:00,0.0014914089166666667
01/15/2019 12:00,0.0
01/15/2019 13:00,0.013328847166666666
01/15/2019 14:00,0.006940178499999999
01/15/2019 15:00,0.008515764
01/15/2019 16:00,0.0005470702500000001
01/15/2019 17:00,0.0
01/15/2019 18:00,0.0026806014166666664
01/15/2019 19:00,0.0014004448333333334
01/15/2019 20:00,0.0016133125833333335
01/15/2019 21:00,0.0021869290833333335
01/15/2019 22:00,0.0018374554166666667
01/15/2019 23:00,0.0011492630833333333
01/16/2019 0:00,0.0
01/16/2019 1:00,0.0
01/16/2019 2:00,0.0
01/16/2019 3:00,0.00156024175
01/16/2019 4:00,0.0005470702500000001
01/16/2019 5:00,0.0
01/16/2019 6:00,0.0
01/16/2019 7:00,0.008516987083333335
01/16/2019 8:00,0.0020166320833333333
01/16/2019 9:00,0.0010925384166666668
01/16/2019 10:00,0.00390071725
01/16/2019 11:00,0.0
01/16/2019 12:00,0.010375482416666667
01/16/2019 13:00,0.004761480416666667
01/16/2019 14:00,0.0
01/16/2019 15:00,0.007908824666666666
01/16/2019 16:00,0.005334708916666667
01/16/2019 17:00,0.017810516916666668
01/16/2019 18:00,0.007761211166666666
01/16/2019 19:00,0.003136996666666667
01/16/2019 20:00,0.011778302500000002
01/16/2019 21:00,0.012087152999999998
01/16/2019 22:00,0.004995325083333333
01/16/2019 23:00,0.009477570999999999
01/17/2019 0:00,0.02212321
01/17/2019 1:00,0.015539290749999999
01/17/2019 2:00,0.01177129825
01/17/2019 3:00,0.016218290333333333
01/17/2019 4:00,0.01035594525
01/17/2019 5:00,0.02184032958333333
01/17/2019 6:00,0.017215194166666666
01/17/2019 7:00,0.011068480416666667
01/17/2019 8:00,0.011649045833333335
01/17/2019 9:00,0.03265542233333333
01/17/2019 10:00,0.0272499665
01/17/2019 11:00,0.0352556565
01/17/2019 12:00,0.01484945266666667
01/17/2019 13:00,0.006754774083333332
01/17/2019 14:00,0.008624281083333333
01/17/2019 15:00,0.007821302083333334
01/17/2019 16:00,0.014555690333333331
01/17/2019 17:00,0.012005544583333333
01/17/2019 18:00,0.019658958583333337
01/17/2019 19:00,0.009770388916666668
01/17/2019 20:00,0.02386805666666667
01/17/2019 21:00,0.0029794406666666666
01/17/2019 22:00,0.014285660583333333
01/17/2019 23:00,0.018862187
01/18/2019 0:00,0.01996786608333333
01/18/2019 1:00,0.023166721749999997
01/18/2019 2:00,0.003588725666666667
01/18/2019 3:00,0.011572119583333332
01/18/2019 4:00,0.0126283035
01/18/2019 5:00,0.009475654333333333
01/18/2019 6:00,0.01357637325
01/18/2019 7:00,0.016023203583333336
01/18/2019 8:00,0.018305845166666668
01/18/2019 9:00,0.0070443889166666674
01/18/2019 10:00,0.01440179825
01/18/2019 11:00,0.016485154666666665
01/18/2019 12:00,0.022974403833333334
01/18/2019 13:00,0.014050667416666668
01/18/2019 14:00,0.0022976264166666665
01/18/2019 15:00,0.019413444833333335
01/18/2019 16:00,0.0
01/18/2019 17:00,0.018161956833333333
01/18/2019 18:00,0.013254459500000001
01/18/2019 19:00,0.00287739675
01/18/2019 20:00,0.012080737416666666
01/18/2019 21:00,0.0016133055833333335
01/18/2019 22:00,0.014021912583333332
01/18/2019 23:00,0.006480816083333334
01/19/2019 0:00,0.0
01/19/2019 1:00,0.017985504750000002
01/19/2019 2:00,0.013131660833333334
01/19/2019 3:00,0.017370866333333332
01/19/2019 4:00,0.026049078666666666
01/19/2019 5:00,0.01114490325
01/19/2019 6:00,0.0
01/19/2019 7:00,0.021881615083333333
01/19/2019 8:00,0.05415878075
01/19/2019 9:00,0.09147087466666669
01/19/2019 10:00,0.032899857666666664
01/19/2019 11:00,0.05021255608333334
01/19/2019 12:00,0.11818220533333333
01/19/2019 13:00,0.09351398541666667
01/19/2019 14:00,0.0
01/19/2019 15:00,0.0
01/19/2019 16:00,0.0
01/19/2019 17:00,0.03643835091666667
01/19/2019 18:00,0.01840087325
01/19/2019 19:00,0.051367234500000004
01/19/2019 20:00,0.08561203099999999
01/19/2019 21:00,0.025888508083333334
01/19/2019 22:00,0.03132823066666667
01/19/2019 23:00,0.036113730749999996
01/20/2019 0:00,0.010595289833333334
01/20/2019 1:00,0.023523641333333335
01/20/2019 2:00,0.020885928916666668
01/20/2019 3:00,0.007626085083333334
01/20/2019 4:00,0.007018808083333334
01/20/2019 5:00,0.009621182583333334
01/20/2019 6:00,0.0034988455
01/20/2019 7:00,0.015805324666666665
01/20/2019 8:00,0.0017849369166666664
01/20/2019 9:00,0.0
01/20/2019 10:00,0.0
01/20/2019 11:00,0.010312004
01/20/2019 12:00,0.0
01/20/2019 13:00,0.0
01/20/2019 14:00,0.0
01/20/2019 15:00,0.0021881951666666666
01/20/2019 16:00,0.0
01/20/2019 17:00,0.0
01/20/2019 18:00,0.0
01/20/2019 19:00,0.0
01/20/2019 20:00,0.0
01/20/2019 21:00,0.0
01/20/2019 22:00,0.0
01/20/2019 23:00,0.0016133055833333335
01/21/2019 0:00,0.0
01/21/2019 1:00,0.0008962847499999999
01/21/2019 2:00,0.0
01/21/2019 3:00,0.0
01/21/2019 4:00,0.0
01/21/2019 5:00,0.0
01/21/2019 6:00,0.0
01/21/2019 7:00,0.0012906443333333332
01/21/2019 8:00,0.0
01/21/2019 9:00,0.0
01/21/2019 10:00,0.0
01/21/2019 11:00,0.0
01/21/2019 12:00,0.0
01/21/2019 13:00,0.0
01/21/2019 14:00,0.0025207899999999997
01/21/2019 15:00,0.0
01/21/2019 16:00,0.013780519416666666
01/21/2019 17:00,0.0
01/21/2019 18:00,0.0
01/21/2019 19:00,0.0
01/21/2019 20:00,0.002870912083333333
01/21/2019 21:00,0.0
01/21/2019 22:00,0.0
01/21/2019 23:00,0.0027352440833333332
01/22/2019 0:00,0.0011527884166666667
01/22/2019 1:00,0.0031571614999999996
01/22/2019 2:00,0.030393887499999998
01/22/2019 3:00,0.0017505561666666667
01/22/2019 4:00,0.004621769583333333
01/22/2019 5:00,0.0015795857500000001
01/22/2019 6:00,0.0038556000000000003
01/22/2019 7:00,0.003560820666666667
01/22/2019 8:00,0.0
01/22/2019 9:00,0.0030844801666666667
01/22/2019 10:00,0.0011203559166666668
01/22/2019 11:00,0.002984617083333333
01/22/2019 12:00,0.0
01/22/2019 13:00,0.0029129165833333332
01/22/2019 14:00,0.010964248916666667
01/22/2019 15:00,0.004751876166666666
01/22/2019 16:00,0.008308641
01/22/2019 17:00,0.0005470702500000001
01/22/2019 18:00,0.0165297875
01/22/2019 19:00,0.014853999499999998
01/22/2019 20:00,0.006818984999999999
01/22/2019 21:00,0.008325075416666668
01/22/2019 22:00,0.006913878166666666
01/22/2019 23:00,0.0007321425833333333
01/23/2019 0:00,0.007039499166666667
01/23/2019 1:00,0.004042178666666667
01/23/2019 2:00,0.010486687583333333
01/23/2019 3:00,0.012593785249999998
01/23/2019 4:00,0.021018976999999998
01/23/2019 5:00,0.011085206333333333
01/23/2019 6:00,0.019333521500000003
01/23/2019 7:00,0.014636182583333332
01/23/2019 8:00,0.016580509666666667
01/23/2019 9:00,0.024576489166666663
01/23/2019 10:00,0.01030458575
01/23/2019 11:00,0.013765810916666668
01/23/2019 12:00,0.011145850499999999
01/23/2019 13:00,0.006116545666666667
01/23/2019 14:00,0.006759264333333333
01/23/2019 15:00,0.019698057833333334
01/23/2019 16:00,0.00509215225
01/23/2019 17:00,0.0021603758333333333
01/23/2019 18:00,0.0011203559166666668
01/23/2019 19:00,0.006388803083333334
01/23/2019 20:00,0.0011203996666666668
01/23/2019 21:00,0.0025400014166666665
01/23/2019 22:00,0.0
01/23/2019 23:00,0.0
01/24/2019 0:00,0.002874983583333333
01/24/2019 1:00,0.0005470702500000001
01/24/2019 2:00,0.0
01/24/2019 3:00,0.0
01/24/2019 4:00,0.00241100025
01/24/2019 5:00,0.0
01/24/2019 6:00,0.0005470702500000001
01/24/2019 7:00,0.017401176333333334
01/24/2019 8:00,0.0027834715833333335
01/24/2019 9:00,0.009375460666666667
01/24/2019 10:00,0.0064148695
01/24/2019 11:00,0.00315098775
01/24/2019 12:00,0.0
01/24/2019 13:00,0.020020154
01/24/2019 14:00,0.016127039416666666
01/24/2019 15:00,0.017111651083333332
01/24/2019 16:00,0.00306786025
01/24/2019 17:00,0.013139118416666665
01/24/2019 18:00,0.0101345375
01/24/2019 19:00,0.0
01/24/2019 20:00,0.012694077666666666
01/24/2019 21:00,0.005324421249999999
01/24/2019 22:00,0.0
01/24/2019 23:00,0.022658742583333336
01/25/2019 0:00,0.012692901166666668
01/25/2019 1:00,0.008683376583333334
01/25/2019 2:00,0.012505054000000002
01/25/2019 3:00,0.015562296666666668
01/25/2019 4:00,0.02558064991666667
01/25/2019 5:00,0.008882850666666666
01/25/2019 6:00,0.026107387666666666
01/25/2019 7:00,0.0290668625
01/25/2019 8:00,0.030495746916666663
01/25/2019 9:00,0.018454077583333336
01/25/2019 10:00,0.031237709749999995
01/25/2019 11:00,0.007128969583333333
01/25/2019 12:00,0.028347170833333334
01/25/2019 13:00,0.010471690249999999
01/25/2019 14:00,0.017529157916666666
01/25/2019 15:00,0.02695557625
01/25/2019 16:00,0.0316804995
01/25/2019 17:00,0.0221749475
01/25/2019 18:00,0.009914662916666667
01/25/2019 19:00,0.01700448766666667
01/25/2019 20:00,0.014805054166666665
01/25/2019 21:00,0.03277211441666667
01/25/2019 22:00,0.02831881108333333
01/25/2019 23:00,0.020451022500000002
01/26/2019 0:00,0.009427254833333334
01/26/2019 1:00,0.007010243916666666
01/26/2019 2:00,0.03244942541666667
01/26/2019 3:00,0.046402724083333326
01/26/2019 4:00,0.027478806416666668
01/26/2019 5:00,0.013756456583333333
01/26/2019 6:00,0.01991749125
01/26/2019 7:00,0.03032973433333333
01/26/2019 8:00,0.023660602916666662
01/26/2019 9:00,0.04092705724999999
01/26/2019 10:00,0.006646213083333334
01/26/2019 11:00,0.021739094833333333
01/26/2019 12:00,0.013207600583333333
01/26/2019 13:00,0.013857464500000005
01/26/2019 14:00,0.013400455333333334
01/26/2019 15:00,0.022055780166666664
01/26/2019 16:00,0.014906295416666666
01/26/2019 17:00,0.006513663166666667
01/26/2019 18:00,0.026679312
01/26/2019 19:00,0.014693573916666666
01/26/2019 20:00,0.019675501333333335
01/26/2019 21:00,0.02502362833333333
01/26/2019 22:00,0.017684771666666668
01/26/2019 23:00,0.014838030083333334
01/27/2019 0:00,0.013681911750000003
01/27/2019 1:00,0.008258680499999999
01/27/2019 2:00,0.03412400475
01/27/2019 3:00,0.02066181075
01/27/2019 4:00,0.06071098025000001
01/27/2019 5:00,0.0231140485
01/27/2019 6:00,0.060380651
01/27/2019 7:00,0.010686637083333334
01/27/2019 8:00,0.028949540166666666
01/27/2019 9:00,0.010978224249999996
01/27/2019 10:00,0.013342471166666666
01/27/2019 11:00,0.014138152083333333
01/27/2019 12:00,0.01862370725
01/27/2019 13:00,0.0031435761666666665
01/27/2019 14:00,0.008699734666666667
01/27/2019 15:00,0.0056105475833333335
01/27/2019 16:00,0.014955498499999999
01/27/2019 17:00,0.036342896416666666
01/27/2019 18:00,0.008763638166666667
01/27/2019 19:00,0.020939190333333333
01/27/2019 20:00,0.026464867916666666
01/27/2019 21:00,0.026140645666666667
01/27/2019 22:00,0.012510520249999999
01/27/2019 23:00,0.016288079916666667
01/28/2019 0:00,0.014034214250000001
01/28/2019 1:00,0.011485005
01/28/2019 2:00,0.028714906083333335
01/28/2019 3:00,0.05298651100000001
01/28/2019 4:00,0.042971072
01/28/2019 5:00,0.0899266475
01/28/2019 6:00,0.08274221266666668
01/28/2019 7:00,0.08031528941666667
01/28/2019 8:00,0.03555981441666667
01/28/2019 9:00,0.1050950495
01/28/2019 10:00,0.1689682048333333
01/28/2019 11:00,0.08402025408333334
01/28/2019 12:00,0.07003575366666666
01/28/2019 13:00,0.09441977633333336
01/28/2019 14:00,0.06145418141666666
01/28/2019 15:00,0.055229100499999996
01/28/2019 16:00,0.061943283833333335
01/28/2019 17:00,0.09628529991666666
01/28/2019 18:00,0.06032096650000001
01/28/2019 19:00,0.08873577958333333
01/28/2019 20:00,0.11320465341666665
01/28/2019 21:00,0.08362734141666665
01/28/2019 22:00,0.10187789474999999
01/28/2019 23:00,0.060944204083333335
01/29/2019 0:00,0.06950837316666666
01/29/2019 1:00,0.08104076966666666
01/29/2019 2:00,0.10314825083333333
01/29/2019 3:00,0.11897587
01/29/2019 4:00,0.07843978350000001
01/29/2019 5:00,0.09069503966666666
01/29/2019 6:00,0.10578951966666666
01/29/2019 7:00,0.104310309
01/29/2019 8:00,0.07002236841666666
01/29/2019 9:00,0.06162563275
01/29/2019 10:00,0.12753263916666668
01/29/2019 11:00,0.05363269316666666
01/29/2019 12:00,0.031526787583333334
01/29/2019 13:00,0.07536667733333334
01/29/2019 14:00,0.041504462750000005
01/29/2019 15:00,0.03798318308333333
01/29/2019 16:00,0.048163353250000006
01/29/2019 17:00,0.04000257825
01/29/2019 18:00,0.08134755075
01/29/2019 19:00,0.04913768958333333
01/29/2019 20:00,0.030279530333333332
01/29/2019 21:00,0.01624758441666667
01/29/2019 22:00,0.008957928833333333
01/29/2019 23:00,0.009698669250000002
01/30/2019 0:00,0.0045586074166666666
01/30/2019 1:00,0.021679929833333333
01/30/2019 2:00,0.010625152083333332
01/30/2019 3:00,0.0069619184166666665
01/30/2019 4:00,0.009799160833333334
01/30/2019 5:00,0.012319756666666666
01/30/2019 6:00,0.023991991333333334
01/30/2019 7:00,0.016934781166666666
01/30/2019 8:00,0.00406246975
01/30/2019 9:00,0.014757360333333336
01/30/2019 10:00,0.02323447875
01/30/2019 11:00,0.022600128166666667
01/30/2019 12:00,0.019529989083333334
01/30/2019 13:00,0.10608375099999999
,
,
,
,
,
,
,
,
,
,
,
,
,
,
,
,
,
,
,
,
,
,
,
,
,
,
,
,
,
,
,
,
,
,
,
,
,
,
,
,
,
,
,
,
,
,
,
,
,
,
,
,
,
,
,
,
,
,
,
,
,
,
,
,
,
,
,
,
,
,
,
,
,
,
,
,
,
,
,
,
,
,
,
,
,
,
,
,
,
,
,
,
,
,
,
,
,
,
,
,
,
,
,
,
,
,
,
,
,
,
,
,
,
,
,
,
,
,
,
,
,
,
,
,
,
,
,
,
,
,
,
,
,
,
,
,
,
,
,
,
,
,
,
,
,
,
,
,
,
,
,
,
,
,
,
,
,
,
,
,
,
,
,
,
,
,
,
,
,
,
,
,
,
,
,
,
,
,
,
,
,
,
,
,
,
,
,
,
,
,
,
,
,
,
,
,
,
,
,
,
,
,
,
,
,
,
,
,
,
,
,
,
,
,
,
,
,
,
,
,
,
,
,
,
,
,
,
,
,
,
,
,
,
,
,
,
,
,
,
,
,
,
,
,
,
,
,
,
,
,
,
,
,
,
,
,
,
,
,
,
,
,
,
,
,
,
,
,
,
,
,
,
,
,
,
,
,
,
,
,
,
,
,
,
,
,
,
,
,
,
,
,
,
,
,
,
,
,
,
,
,
,
,
,
,
,
,
,
,
,
,
,
,
,
,
,
,
,
,
,
,
,
,
,
,
,
,
,
,
,
,
,
,
,
,
,
,
,
,
,
,
,
,
,
,
,
,
,
,
,
,
,
,
,
,
,
,
,
,
,
,
,
,
,
,
,
,
,
,
,
,
,
,
,
,
,
,
,
,
,
,
,
,
,
,
,
,
,
,
,
,
,
,
,
,
,
,
,
,
,
,
,
,
,
,
,
,
,
,
,
,
,
,
,
,
,
,
,
,
,
,
,
,
,
,
,
,
,
,
,
,
,
,
,
,
,
,
,
,
,
,
,
,
,
,
,
,
,
,
,
,
,
,
,
,
,
,
,
,
,
,
,
,
,
,
,
,
,
,
,
,
,
,
,
,
,
,
,
,
,
,
,
,
,
,
,
,
,
,
,
,
,
,
,
,
,
,
,
,
,
,
,
,
,
,
,
,
,
,
,
,
,
,
,
,
,
,
,
,
,
,
,
,
,
,
,
,
,
,
,
,
,
,
,
,
,
,
,
,
,
,
,
,
,
,
,
,
,
,
,
,
,
,
,
,
,
,
,
,
,
,
,
,
,
,
,
,
,
,
,
,
,
,
,
,
,
,
,
,
,
,
,
,
,
,
,
,
,
,
,
,
,
,
,
,
,
,
,
,
,
,
,
,
,
,
,
,
,
,
,
,
,
,
,
,
,
,
,
,
,
,
,
,
,
,
,
,
,
,
,
,
,
,
,
,
,
,
,
,
,
,
,
,
,
,
,
,
,
,
,
,
,
,
,
,
,
,
,
,
,
,
,
,
,
,
,
,
,
,
,
,
,
,
,
,
,
,
,
,
,
,
,
,
,
,
,
,
,
,
,
,
,
,
,
,
,
,
,
,
,
,
,
,
,
,
,
,
,
,
,
,
,
,
,
,
,
,
,
,
,
,
,
,
,
,
,
,
,
,
,
,
,
,
,
,
,
,
,
,
,
,
,
,
,
,
,
,
,
,
,
,
,
,
,
,
,
,
,
,
,
,
,
,
,
,
,
,
,
,
,
,
,
,
,
,
,
,
,
,
,
,
,
,
,
,
,
,
,
,
,
,
,
,
,
,
,
,
,
,
,
,
,
,
,
,
,
,
,
,
,
,
,
,
,
,
,
,
,
,
,
,
,
,
,
,
,
,
,
,
,
,
,
,
,
,
,
,
,
,
,
,
,
,
,
,
,
,
,
,
,
,
,
,
,
,
,
,
,
,
,
,
,
,
,
,
,
,
,
,
,
,
,
,
,
,
,
,
,
,
,
,
,
,
,
,
,
,
,
,
,
,
,
,
,
,
,
,
,
,
,
,
,
,
,
,
,
,
,
,
,
,
,
,
,
,
,
,
,
,
,
,
,
,
,
,
,
,
,
,
,
,
,
,
,
,
,
,
,
,
,
,
,
,
,
,
,
,
,
,
,
,
,
,
,
,
,
,
,
,
,
,
,
,
,
,
,
,
,
,
,
,
,
,
,
,
,
,
,
,
,
,
,
,
,
,
,
,
,
,
,
,
,
,
,
,
,
,
,
,
,
,
,
,
,
,
,
,
,
,
,
,
,
,
,
,
,
,
,
,
,
,
,
,
,
,
,
,
,
,
,
,
,
,
,
,
,
,
,
,
,
,
,
,
,
,
,
,
,
,
,
,
,
,
,
,
,
,
,
,
,
,
,
,
,
,
,
,
,
,
,
,
,
,
,
,
,
,
,
,
,
,
,
,
,
,
,
,
,
,
,
,
,
,
,
,
,
,
,
,
,
,
,
,
,
,
,
,
,
,
,
,
,
,
,
,
,
,
,
,
,
,
,
,
,
,
,
,
,
,
,
,
,
,
,
,
,
,
,
,
,
,
,
,
,
,
,
,
,
,
,
,
,
,
,
,
,
,
,
,
,
,
,
,
,
,
,
,
,
,
,
,
,
,
,
,
,
,
,
,
,
,
,
,
,
,
,
,
,
,
,
,
,
,
,
,
,
,
,
,
,
,
,
,
,
,
,
,
,
,
,
,
,
,
,
,
,
,
,
,
,
,
,
,
,
,
,
,
,
,
,
,
,
,
,
,
,
,
,
,
,
,
,
,
,
,
,
,
,
,
,
,
,
,
,
,
,
,
,
,
,
,
,
,
,
,
,
,
,
,
,
,
,
,
,
,
,
,
,
,
,
,
,
,
,
,
,
,
,
,
,
,
,
,
,
,
,
,
,
,
,
,
,
,
,
,
,
,
,
,
,
,
,
,
,
,
,
,
,
,
,
,
,
,
,
,
,
,
,
,
,
,
,
,
,
,
,
,
,
,
,
,
,
,
,
,
,
,
,
,
,
,
,
,
,
,
,
,
,
,
,
,
,
,
,
,
,
,
,
,
,
,
,
,
,
,
,
,
,
,
,
,
,
,
,
,
,
,
,
,
,
,
,
,
,
,
,
,
,
,
,
,
,
,
,
,
,
,
,
,
,
,
,
,
,
,
,
,
,
,
,
,
,
,
,
,
,
,
,
,
,
,
,
,
,
,
,
,
,
,
,
,
,
,
,
,
,
,
,
,
,
,
,
,
,
,
,
,
,
,
,
,
,
,
,
,
,
,
,
,
,
,
,
,
,
,
,
,
,
,
,
,
,
,
,
,
,
,
,
,
,
,
,
,
,
,
,
,
,
,
,
,
,
,
,
,
,
,
,
,
,
,
,
,
,
,
,
,
,
,
,
,
,
,
,
,
,
,
,
,
,
,
,
,
,
,
,
,
,
,
,
,
,
,
,
,
,
,
,
,
,
,
,
,
,
,
,
,
,
,
,
,
,
,
,
,
,
,
,
,
,
,
,
,
,
,
,
,
,
,
,
,
,
,
,
,
,
,
,
,
,
,
,
,
,
,
,
,
,
,
,
,
,
,
,
,
,
,
,
,
,
,
,
,
,
,
,
,
,
,
,
,
,
,
,
,
,
,
,
,
,
,
,
,
,
,
,
,
,
,
,
,
,
,
,
,
,
,
,
,
,
,
,
,
,
,
,
,
,
,
,
,
,
,
,
,
,
,
,
,
,
,
,
,
,
,
,
,
,
,
,
,
,
,
,
,
,
,
,
,
,
,
,
,
,
,
,
,
,
,
,
,
,
,
,
,
,
,
,
,
,
,
,
,
,
,
,
,
,
,
,
,
,
,
,
,
,
,
,
,
,
,
,
,
,
,
,
,
,
,
,
,
,
,
,
,
,
,
,
,
,
,
,
,
,
,
,
,
,
,
,
,
,
,
,
,
,
,
,
,
,
,
,
,
,
,
,
,
,
,
,
,
,
,
,
,
,
,
,
,
,
,
,
,
,
,
,
,
,
,
,
,
,
,
,
,
,
,
,
,
,
,
,
,
,
,
,
,
,
,
,
,
,
,
,
,
,
,
,
,
,
,
,
,
,
,
,
,
,
,
,
,
,
,
,
,
,
,
,
,
,
,
,
,
,
,
,
,
,
,
,
,
,
,
,
,
,
,
,
,
,
,
,
,
,
,
,
,
,
,
,
,
,
,
,
,
,
,
,
,
,
,
,
,
,
,
,
,
,
,
,
,
,
,
,
,
,
,
,
,
,
,
,
,
,
,
,
,
,
,
,
,
,
,
,
,
,
,
,
,
,
,
,
,
,
,
,
,
,
,
,
,
,
,
,
,
,
,
,
,
,
,
,
,
,
,
,
,
,
,
,
,
,
,
,
,
,
,
,
,
,
,
,
,
,
,
,
,
,
,
,
,
,
,
,
,
,
,
,
,
,
,
,
,
,
,
,
,
,
,
,
,
,
,
,
,
,
,
,
,
,
,
,
,
,
,
,
,
,
,
,
,
,
,
,
,
,
,
,
,
,
,
,
,
,
,
,
,
,
,
,
,
,
,
,
,
,
,
,
,
,
,
,
,
,
,
,
,
,
,
,
,
,
,
,
,
,
,
,
,
,
,
,
,
,
,
,
,
,
,
,
,
,
,
,
,
,
,
,
,
,
,
,
,
,
,
,
,
,
,
,
,
,
,
,
,
,
,
,
,
,
,
,
,
,
,
,
,
,
,
,
,
,
,
,
,
,
,
,
,
,
,
,
,
,
,
,
,
,
,
,
,
,
,
,
,
,
,
,
,
,
,
,
,
,
,
,
,
,
,
,
,
,
,
,
,
,
,
,
,
,
,
,
,
,
,
,
,
,
,
,
,
,
,
,
,
,
,
,
,
,
,
,
,
,
,
,
,
,
,
,
,
,
,
,
,
,
,
,
,
,
,
,
,
,
,
,
,
,
,
,
,
,
,
,
,
,
,
,
,
,
,
,
,
,
,
,
,
,
,
,
,
,
,
,
,
,
,
,
,
,
,
,
,
,
,
,
,
,
,
,
,
,
,
,
,
,
,
,
,
,
,
,
,
,
,
,
,
,
,
,
,
,
,
,
,
,
,
,
,
,
,
,
,
,
,
,
,
,
,
,
,
,
,
,
,
,
,
,
,
,
,
,
,
,
,
,
,
,
,
,
,
,
,
,
,
,
,
,
,
,
,
,
,
,
,
,
,
,
,
,
,
,
,
,
,
,
,
,
,
,
,
,
,
,
,
,
,
,
,
,
,
,
,
,
,
,
,
,
,
,
,
,
,
,
,
,
,
,
,
,
,
,
,
,
,
,
,
,
,
,
,
,
,
,
,
,
,
,
,
,
,
,
,
,
,
,
,
,
,
,
,
,
,
,
,
,
,
,
,
,
,
,
,
,
,
,
,
,
,
,
,
,
,
,
,
,
,
,
,
,
,
,
,
,
,
,
,
,
,
,
,
,
,
,
,
,
,
,
,
,
,
,
,
,
,
,
,
,
,
,
,
,
,
,
,
,
,
,
,
,
,
,
,
,
,
,
,
,
,
,
,
,
,
,
,
,
,
,
,
,
,
,
,
,
,
,
,
,
,
,
,
,
,
,
,
,
,
,
,
,
,
,
,
,
,
,
,
,
,
,
,
,
,
,
,
,
,
,
,
,
,
,
,
,
,
,
,
,
,
,
,
,
,
,
,
,
,
,
,
,
,
,
,
,
,
,
,
,
,
,
,
,
,
,
,
,
,
,
,
,
,
,
,
,
,
,
,
,
,
,
,
,
,
,
,
,
,
,
,
,
,
,
,
,
,
,
,
,
,
,
,
,
,
,
,
,
,
,
,
,
,
,
,
,
,
,
,
,
,
,
,
,
,
,
,
,
,
,
,
,
,
,
,
,
,
,
,
,
,
,
,
,
,
,
,
,
,
,
,
,
,
,
,
,
,
,
,
,
,
,
,
,
,
,
,
,
,
,
,
,
,
,
,
,
,
,
,
,
,
,
,
,
,
,
,
,
,
,
,
,
,
,
,
,
,
,
,
,
,
,
,
,
,
,
,
,
,
,
,
,
,
,
,
,
,
,
,
,
,
,
,
,
,
,
,
,
,
,
,
,
,
,
,
,
,
,
,
,
,
,
,
,
,
,
,
,
,
,
,
,
,
,
,
,
,
,
,
,
,
,
,
,
,
,
,
,
,
,
,
,
,
,
,
,
,
,
,
,
,
,
,
,
,
,
,
,
,
,
,
,
,
,
,
,
,
,
,
,
,
,
,
,
,
,
,
,
,
,
,
,
,
,
,
,
,
,
,
,
,
,
,
,
,
,
,
,
,
,
,
,
,
,
,
,
,
,
,
,
,
,
,
,
,
,
,
,
,
,
,
,
,
,
,
,
,
,
,
,
,
,
,
,
,
,
,
,
,
,
,
,
,
,
,
,
,
,
,
,
,
,
,
,
,
,
,
,
,
,
,
,
,
,
,
,
,
,
,
,
,
,
,
,
,
,
,
,
,
,
,
,
,
,
,
,
,
,
,
,
,
,
,
,
,
,
,
,
,
,
,
,
,
,
,
,
,
,
,
,
,
,
,
,
,
,
,
,
,
,
,
,
,
,
,
,
,
,
,
,
,
,
,
,
,
,
,
,
,
,
,
,
,
,
,
,
,
,
,
,
,
,
,
,
,
,
,
,
,
,
,
,
,
,
,
,
,
,
,
,
,
,
,
,
,
,
,
,
,
,
,
,
,
,
,
,
,
,
,
,
,
,
,
,
,
,
,
,
,
,
,
,
,
,
,
,
,
,
,
,
,
,
,
,
,
,
,
,
,
,
,
,
,
,
,
,
,
,
,
,
,
,
,
,
,
,
,
,
,
,
,
,
,
,
,
,
,
,
,
,
,
,
,
,
,
,
,
,
,
,
,
,
,
,
,
,
,
,
,
,
,
,
,
,
,
,
,
,
,
,
,
,
,
,
,
,
,
,
,
,
,
,
,
,
,
,
,
,
,
,
,
,
,
,
,
,
,
,
,
,
,
,
,
,
,
,
,
,
,
,
,
,
,
,
,
,
,
,
,
,
,
,
,
,
,
,
,
,
,
,
,
,
,
,
,
,
,
,
,
,
,
,
,
,
,
,
,
,
,
,
,
,
,
,
,
,
,
,
,
,
,
,
,
,
,
,
,
,
,
,
,
,
,
,
,
,
,
,
,
,
,
,
,
,
,
,
,
,
,
,
,
,
,
,
,
,
,
,
,
,
,
,
,
,
,
,
,
,
,
,
,
,
,
,
,
,
,
,
,
,
,
,
,
,
,
,
,
,
,
,
,
,
,
,
,
,
,
,
,
,
,
,
,
,
,
,
,
,
,
,
,
,
,
,
,
,
,
,
,
,
,
,
,
,
,
,
,
,
,
,
,
,
,
,
,
,
,
,
,
,
,
,
,
,
,
,
,
,
,
,
,
,
,
,
,
,
,
,
,
,
,
,
,
,
,
,
,
,
,
,
,
,
,
,
,
,
,
,
,
,
,
,
,
,
,
,
,
,
,
,
,
,
,
,
,
,
,
,
,
,
,
,
,
,
,
,
,
,
,
,
,
,
,
,
,
,
,
,
,
,
,
,
,
,
,
,
,
,
,
,
,
,
,
,
,
,
,
,
,
,
,
,
,
,
,
,
,
,
,
,
,
,
,
,
,
,
,
,
,
,
,
,
,
,
,
,
,
,
,
,
,
,
,
,
,
,
,
,
,
,
,
,
,
,
,
,
,
,
,
,
,
,
,
,
,
,
,
,
,
,
,
,
,
,
,
,
,
,
,
,
,
,
,
,
,
,
,
,
,
,
,
,
,
,
,
,
,
,
,
,
,
,
,
,
,
,
,
,
,
,
,
,
,
,
,
,
,
,
,
,
,
,
,
,
,
,
,
,
,
,
,
,
,
,
,
,
,
,
,
,
,
,
,
,
,
,
,
,
,
,
,
,
,
,
,
,
,
,
,
,
,
,
,
,
,
,
,
,
,
,
,
,
,
,
,
,
,
,
,
,
,
,
,
,
,
,
,
,
,
,
,
,
,
,
,
,
,
,
,
,
,
,
,
,
,
,
,
,
,
,
,
,
,
,
,
,
,
,
,
,
,
,
,
,
,
,
,
,
,
,
,
,
,
,
,
,
,
,
,
,
,
,
,
,
,
,
,
,
,
,
,
,
,
,
,
,
,
,
,
,
,
,
,
,
,
,
,
,
,
,
,
,
,
,
,
,
,
,
,
,
,
,
,
,
,
,
,
,
,
,
,
,
,
,
,
,
,
,
,
,
,
,
,
,
,
,
,
,
,
,
,
,
,
,
,
,
,
,
,
,
,
,
,
,
,
,
,
,
,
,
,
,
,
,
,
,
,
,
,
,
,
,
,
,
,
,
,
,
,
,
,
,
,
,
,
,
,
,
,
,
,
,
,
,
,
,
,
,
,
,
,
,
,
,
,
,
,
,
,
,
,
,
,
,
,
,
,
,
,
,
,
,
,
,
,
,
,
,
,
,
,
,
,
,
,
,
,
,
,
,
,
,
,
,
,
,
,
,
,
,
,
,
,
,
,
,
,
,
,
,
,
,
,
,
,
,
,
,
,
,
,
,
,
,
,
,
,
,
,
,
,
,
,
,
,
,
,
,
,
,
,
,
,
,
,
,
,
,
,
,
,
,
,
,
,
,
,
,
,
,
,
,
,
,
,
,
,
,
,
,
,
,
,
,
,
,
,
,
,
,
,
,
,
,
,
,
,
,
,
,
,
,
,
,
,
,
,
,
,
,
,
,
,
,
,
,
,
,
,
,
,
,
,
,
,
,
,
,
,
,
,
,
,
,
,
,
,
,
,
,
,
,
,
,
,
,
,
,
,
,
,
,
,
,
,
,
,
,
,
,
,
,
,
,
,
,
,
,
,
,
,
,
,
,
,
,
,
,
,
,
,
,
,
,
,
,
,
,
,
,
,
,
,
,
,
,
,
,
,
,
,
,
,
,
,
,
,
,
,
,
,
,
,
,
,
,
,
,
,
,
,
,
,
,
,
,
,
,
,
,
,
,
,
,
,
,
,
,
,
,
,
,
,
,
,
,
,
,
,
,
,
,
,
,
,
,
,
,
,
,
,
,
,
,
,
,
,
,
,
,
,
,
,
,
,
,
,
,
,
,
,
,
,
,
,
,
,
,
,
,
,
,
,
,
,
,
,
,
,
,
,
,
,
,
,
,
,
,
,
,
,
,
,
,
,
,
,
,
,
,
,
,
,
,
,
,
,
,
,
,
,
,
,
,
,
,
,
,
,
,
,
,
,
,
,
,
,
,
,
,
,
,
,
,
,
,
,
,
,
,
,
,
,
,
,
,
,
,
,
,
,
,
,
,
,
,
,
,
,
,
,
,
,
,
,
,
,
,
,
,
,
,
,
,
,
,
,
,
,
,
,
,
,
,
,
,
,
,
,
,
,
,
,
,
,
,
,
,
,
,
,
,
,
,
,
,
,
,
,
,
,
,
,
,
,
,
,
,
,
,
,
,
,
,
,
,
,
,
,
,
,
,
,
,
,
,
,
,
,
,
,
,
,
,
,
,
,
,
,
,
,
,
,
,
,
,
,
,
,
,
,
,
,
,
,
,
,
,
,
,
,
,
,
,
,
,
,
,
,
,
,
,
,
,
,
,
,
,
,
,
,
,
,
,
,
,
,
,
,
,
,
,
,
,
,
,
,
,
,
,
,
,
,
,
,
,
,
,
,
,
,
,
,
,
,
,
,
,
,
,
,
,
,
,
,
,
,
,
,
,
,
,
,
,
,
,
,
,
,
,
,
,
,
,
,
,
,
,
,
,
,
,
,
,
,
,
,
,
,
,
,
,
,
,
,
,
,
,
,
,
,
,
,
,
,
,
,
,
,
,
,
,
,
,
,
,
,
,
,
,
,
,
,
,
,
,
,
,
,
,
,
,
,
,
,
,
,
,
,
,
,
,
,
,
,
,
,
,
,
,
,
,
,
,
,
,
,
,
,
,
,
,
,
,
,
,
,
,
,
,
,
,
,
,
,
,
,
,
,
,
,
,
,
,
,
,
,
,
,
,
,
,
,
,
,
,
,
,
,
,
,
,
,
,
,
,
,
,
,
,
,
,
,
,
,
,
,
,
,
,
,
,
,
,
,
,
,
,
,
,
,
,
,
,
,
,
,
,
,
,
,
,
,
,
,
,
,
,
,
,
,
,
,
,
,
,
,
,
,
,
,
,
,
,
,
,
,
,
,
,
,
,
,
,
,
,
,
,
,
,
,
,
,
,
,
,
,
,
,
,
,
,
,
,
,
,
,
,
,
,
,
,
,
,
,
,
,
,
,
,
,
,
,
,
,
,
,
,
,
,
,
,
,
,
,
,
,
,
,
,
,
,
,
,
,
,
,
,
,
,
,
,
,
,
,
,
,
,
,
,
,
,
,
,
,
,
,
,
,
,
,
,
,
,
,
,
,
,
,
,
,
,
,
,
,
,
,
,
,
,
,
,
,
,
,
,
,
,
,
,
,
,
,
,
,
,
,
,
,
,
,
,
,
,
,
,
,
,
,
,
,
,
,
,
,
,
,
,
,
,
,
,
,
,
,
,
,
,
,
,
,
,
,
,
,
,
,
,
,
,
,
,
,
,
,
,
,
,
,
,
,
,
,
,
,
,
,
,
,
,
,
,
,
,
,
,
,
,
,
,
,
,
,
,
,
,
,
,
,
,
,
,
,
,
,
,
,
,
,
,
,
,
,
,
,
,
,
,
,
,
,
,
,
,
,
,
,
,
,
,
,
,
,
,
,
,
,
,
,
,
,
,
,
,
,
,
,
,
,
,
,
,
,
,
,
,
,
,
,
,
,
,
,
,
,
,
,
,
,
,
,
,
,
,
,
,
,
,
,
,
,
,
,
,
,
,
,
,
,
,
,
,
,
,
,
,
,
,
,
,
,
,
,
,
,
,
,
,
,
,
,
,
,
,
,
,
,
,
,
,
,
,
,
,
,
,
,
,
,
,
,
,
,
,
,
,
,
,
,
,
,
,
,
,
,
,
,
,
,
,
,
,
,
,
,
,
,
,
,
,
,
,
,
,
,
,
,
,
,
,
,
,
,
,
,
,
,
,
,
,
,
,
,
,
,
,
,
,
,
,
,
,
,
,
,
,
,
,
,
,
,
,
,
,
,
,
,
,
,
,
,
,
,
,
,
,
,
,
,
,
,
,
,
,
,
,
,
,
,
,
,
,
,
,
,
,
,
,
,
,
,
,
,
,
,
,
,
,
,
,
,
,
,
,
,
,
,
,
,
,
,
,
,
,
,
,
,
,
,
,
,
,
,
,
,
,
,
,
,
,
,
,
,
,
,
,
,
,
,
,
,
,
,
,
,
,
,
,
,
,
,
,
,
,
,
,
,
,
,
,
,
,
,
,
,
,
,
,
,
,
,
,
,
,
,
,
,
,
,
,
,
,
,
,
,
,
,
,
,
,
,
,
,
,
,
,
,
,
,
,
,
,
,
,
,
,
,
,
,
,
,
,
,
,
,
,
,
,
,
,
,
,
,
,
,
,
,
,
,
,
,
,
,
,
,
,
,
,
,
,
,
,
,
,
,
,
,
,
,
,
,
,
,
,
,
,
,
,
,
,
,
,
,
,
,
,
,
,
,
,
,
,
,
,
,
,
,
,
,
,
,
,
,
,
,
,
,
,
,
,
,
,
,
,
,
,
,
,
,
,
,
,
,
,
,
,
,
,
,
,
,
,
,
,
,
,
,
,
,
,
,
,
,
,
,
,
,
,
,
,
,
,
,
,
,
,
,
,
,
,
,
,
,
,
,
,
,
,
,
,
,
,
,
,
,
,
,
,
,
,
,
,
,
,
,
,
,
,
,
,
,
,
,
,
,
,
,
,
,
,
,
,
,
,
,
,
,
,
,
,
,
,
,
,
,
,
,
,
,
,
,
,
,
,
,
,
,
,
,
,
,
,
,
,
,
,
,
,
,
,
,
,
,
,
,
,
,
,
,
,
,
,
,
,
,
,
,
,
,
,
,
,
,
,
,
,
,
,
,
,
,
,
,
,
,
,
,
,
,
,
,
,
,
,
,
,
,
,
,
,
,
,
,
,
,
,
,
,
,
,
,
,
,
,
,
,
,
,
,
,
,
,
,
,
,
,
,
,
,
,
,
,
,
,
,
,
,
,
,
,
,
,
,
,
,
,
,
,
,
,
,
,
,
,
,
,
,
,
,
,
,
,
,
,
,
,
,
,
,
,
,
,
,
,
,
,
,
,
,
,
,
,
,
,
,
,
,
,
,
,
,
,
,
,
,
,
,
,
,
,
,
,
,
,
,
,
,
,
,
,
,
,
,
,
,
,
,
,
,
,
,
,
,
,
,
,
,
,
,
,
,
,
,
,
,
,
,
,
,
,
,
,
,
,
,
,
,
,
,
,
,
,
,
,
,
,
,
,
,
,
,
,
,
,
,
,
,
,
,
,
,
,
,
,
,
,
,
,
,
,
,
,
,
,
,
,
,
,
,
,
,
,
,
,
,
,
,
,
,
,
,
,
,
,
,
,
,
,
,
,
,
,
,
,
,
,
,
,
,
,
,
,
,
,
,
,
,
,
,
,
,
,
,
,
,
,
,
,
,
,
,
,
,
,
,
,
,
,
,
,
,
,
,
,
,
,
,
,
,
,
,
,
,
,
,
,
,
,
,
,
,
,
,
,
,
,
,
,
,
,
,
,
,
,
,
,
,
,
,
,
,
,
,
,
,
,
,
,
,
,
,
,
,
,
,
,
,
,
,
,
,
,
,
,
,
,
,
,
,
,
,
,
,
,
,
,
,
,
,
,
,
,
,
,
,
,
,
,
,
,
,
,
,
,
,
,
,
,
,
,
,
,
,
,
,
,
,
,
,
,
,
,
,
,
,
,
,
,
,
,
,
,
,
,
,
,
,
,
,
,
,
,
,
,
,
,
,
,
,
,
,
,
,
,
,
,
,
,
,
,
,
,
,
,
,
,
,
,
,
,
,
,
,
,
,
,
,
,
,
,
,
,
,
,
,
,
,
,
,
,
,
,
,
,
,
,
,
,
,
,
,
,
,
,
,
,
,
,
,
,
,
,
,
,
,
,
,
,
,
,
,
,
,
,
,
,
,
,
,
,
,
,
,
,
,
,
,
,
,
,
,
,
,
,
,
,
,
,
,
,
,
,
,
,
,
,
,
,
,
,
,
,
,
,
,
,
,
,
,
,
,
,
,
,
,
,
,
,
,
,
,
,
,
,
,
,
,
,
,
,
,
,
,
,
,
,
,
,
,
,
,
,
,
,
,
,
,
,
,
,
,
,
,
,
,
,
,
,
,
,
,
,
,
,
,
,
,
,
,
,
,
,
,
,
,
,
,
,
,
,
,
,
,
,
,
,
,
,
,
,
,
,
,
,
,
,
,
,
,
,
,
,
,
,
,
,
,
,
,
,
,
,
,
,
,
,
,
,
,
,
,
,
,
,
,
,
,
,
,
,
,
,
,
,
,
,
,
,
,
,
,
,
,
,
,
,
,
,
,
,
,
,
,
,
,
,
,
,
,
,
,
,
,
,
,
,
,
,
,
,
,
,
,
,
,
,
,
,
,
,
,
,
,
,
,
,
,
,
,
,
,
,
,
,
,
,
,
,
,
,
,
,
,
,
,
,
,
,
,
,
,
,
,
,
,
,
,
,
,
,
,
,
,
,
,
,
,
,
,
,
,
,
,
,
,
,
,
,
,
,
,
,
,
,
,
,
,
,
,
,
,
,
,
,
,
,
,
,
,
,
,
,
,
,
,
,
,
,
,
,
,
,
,
,
,
,
,
,
,
,
,
,
,
,
,
,
,
,
,
,
,
,
,
,
,
,
,
,
,
,
,
,
,
,
,
,
,
,
,
,
,
,
,
,
,
,
,
,
,
,
,
,
,
,
,
,
,
,
,
,
,
,
,
,
,
,
,
,
,
,
,
,
,
,
,
,
,
,
,
,
,
,
,
,
,
,
,
,
,
,
,
,
,
,
,
,
,
,
,
,
,
,
,
,
,
,
,
,
,
,
,
,
,
,
,
,
,
,
,
,
,
,
,
,
,
,
,
,
,
,
,
,
,
,
,
,
,
,
,
,
,
,
,
,
,
,
,
,
,
,
,
,
,
,
,
,
,
,
,
,
,
,
,
,
,
,
,
,
,
,
,
,
,
,
,
,
,
,
,
,
,
,
,
,
,
,
,
,
,
,
,
,
,
,
,
,
,
,
,
,
,
,
,
,
,
,
,
,
,
,
,
,
,
,
,
,
,
,
,
,
,
,
,
,
,
,
,
,
,
,
,
,
,
,
,
,
,
,
,
,
,
,
,
,
,
,
,
,
,
,
,
,
,
,
,
,
,
,
,
,
,
,
,
,
,
,
,
,
,
,
,
,
,
,
,
,
,
,
,
,
,
,
,
,
,
,
,
,
,
,
,
,
,
,
,
,
,
,
,
,
,
,
,
,
,
,
,
,
,
,
,
,
,
,
,
,
,
,
,
,
,
,
,
,
,
,
,
,
,
,
,
,
,
,
,
,
,
,
,
,
,
,
,
,
,
,
,
,
,
,
,
,
,
,
,
,
,
,
,
,
,
,
,
,
,
,
,
,
,
,
,
,
,
,
,
,
,
,
,
,
,
,
,
,
,
,
,
,
,
,
,
,
,
,
,
,
,
,
,
,
,
,
,
,
,
,
,
,
,
,
,
,
,
,
,
,
,
,
,
,
,
,
,
,
,
,
,
,
,
,
,
,
,
,
,
,
,
,
,
,
,
,
,
,
,
,
,
,
,
,
,
,
,
,
,
,
,
,
,
,
,
,
,
,
,
,
,
,
,
,
,
,
,
,
,
,
,
,
,
,
,
,
,
,
,
,
,
,
,
,
,
,
,
,
,
,
,
,
,
,
,
,
,
,
,
,
,
,
,
,
,
,
,
,
,
,
,
,
,
,
,
,
,
,
,
,
,
,
,
,
,
,
,
,
,
,
,
,
,
,
,
,
,
,
,
,
,
,
,
,
,
,
,
,
,
,
,
,
,
,
,
,
,
,
,
,
,
,
,
,
,
,
,
,
,
,
,
,
,
,
,
,
,
,
,
,
,
,
,
,
,
,
,
,
,
,
,
,
,
,
,
,
,
,
,
,
,
,
,
,
,
,
,
,
,
,
,
,
,
,
,
,
,
,
,
,
,
,
,
,
,
,
,
,
,
,
,
,
,
,
,
,
,
,
,
,
,
,
,
,
,
,
,
,
,
,
,
,
,
,
,
,
,
,
,
,
,
,
,
,
,
,
,
,
,
,
,
,
,
,
,
,
,
,
,
,
,
,
,
,
,
,
,
,
,
,
,
,
,
,
,
,
,
,
,
,
,
,
,
,
,
,
,
,
,
,
,
,
,
,
,
,
,
,
,
,
,
,
,
,
,
,
,
,
,
,
,
,
,
,
,
,
,
,
,
,
,
,
,
,
,
,
,
,
,
,
,
,
,
,
,
,
,
,
,
,
,
,
,
,
,
,
,
,
,
,
,
,
,
,
,
,
,
,
,
,
,
,
,
,
,
,
,
,
,
,
,
,
,
,
,
,
,
,
,
,
,
,
,
,
,
,
,
,
,
,
,
,
,
,
,
,
,
,
,
,
,
,
,
,
,
,
,
,
,
,
,
,
,
,
,
,
,
,
,
,
,
,
,
,
,
,
,
,
,
,
,
,
,
,
,
,
,
,
,
,
,
,
,
,
,
,
,
,
,
,
,
,
,
,
,
,
,
,
,
,
,
,
,
,
,
,
,
,
,
,
,
,
,
,
,
,
,
,
,
,
,
,
,
,
,
,
,
,
,
,
,
,
,
,
,
,
,
,
,
,
,
,
,
,
,
,
,
,
,
,
,
,
,
,
,
,
,
,
,
,
,
,
,
,
,
,
,
,
,
,
,
,
,
,
,
,
,
,
,
,
,
,
,
,
,
,
,
,
,
,
,
,
,
,
,
,
,
,
,
,
,
,
,
,
,
,
,
,
,
,
,
,
,
,
,
,
,
,
,
,
,
,
,
,
,
,
,
,
,
,
,
,
,
,
,
,
,
,
,
,
,
,
,
,
,
,
,
,
,
,
,
,
,
,
,
,
,
,
,
,
,
,
,
,
,
,
,
,
,
,
,
,
,
,
,
,
,
,
,
,
,
,
,
,
,
,
,
,
,
,
,
,
,
,
,
,
,
,
,
,
,
,
,
,
,
,
,
,
,
,
,
,
,
,
,
,
,
,
,
,
,
,
,
,
,
,
,
,
,
,
,
,
,
,
,
,
,
,
,
,
,
,
,
,
,
,
,
,
,
,
,
,
,
,
,
,
,
,
,
,
,
,
,
,
,
,
,
,
,
,
,
,
,
,
,
,
,
,
,
,
,
,
,
,
,
,
,
,
,
,
,
,
,
,
,
,
,
,
,
,
,
,
,
,
,
,
,
,
,
,
,
,
,
,
,
,
,
,
,
,
,
,
,
,
,
,
,
,
,
,
,
,
,
,
,
,
,
,
,
,
,
,
,
,
,
,
,
,
,
,
,
,
,
,
,
,
,
,
,
,
,
,
,
,
,
,
,
,
,
,
,
,
,
,
,
,
,
,
,
,
,
,
,
,
,
,
,
,
,
,
,
,
,
,
,
,
,
,
,
,
,
,
,
,
,
,
,
,
,
,
,
,
,
,
,
,
,
,
,
,
,
,
,
,
,
,
,
,
,
,
,
,
,
,
,
,
,
,
,
,
,
,
,
,
,
,
,
,
,
,
,
,
,
,
,
,
,
,
,
,
,
,
,
,
,
,
,
,
,
,
,
,
,
,
,
,
,
,
,
,
,
,
,
,
,
,
,
,
,
,
,
,
,
,
,
,
,
,
,
,
,
,
,
,
,
,
,
,
,
,
,
,
,
,
,
,
,
,
,
,
,
,
,
,
,
,
,
,
,
,
,
,
,
,
,
,
,
,
,
,
,
,
,
,
,
,
,
,
,
,
,
,
,
,
,
,
,
,
,
,
,
,
,
,
,
,
,
,
,
,
,
,
,
,
,
,
,
,
,
,
,
,
,
,
,
,
,
,
,
,
,
,
,
,
,
,
,
,
,
,
,
,
,
,
,
,
,
,
,
,
,
,
,
,
,
,
,
,
,
,
,
,
,
,
,
,
,
,
,
,
,
,
,
,
,
,
,
,
,
,
,
,
,
,
,
,
,
,
,
,
,
,
,
,
,
,
,
,
,
,
,
,
,
,
,
,
,
,
,
,
,
,
,
,
,
,
,
,
,
,
,
,
,
,
,
,
,
,
,
,
,
,
,
,
,
,
,
,
,
,
,
,
,
,
,
,
,
,
,
,
,
,
,
,
,
,
,
,
,
,
,
,
,
,
,
,
,
,
,
,
,
,
,
,
,
,
,
,
,
,
,
,
,
,
,
,
,
,
,
,
,
,
,
,
,
,
,
,
,
,
,
,
,
,
,
,
,
,
,
,
,
,
,
,
,
,
,
,
,
,
,
,
,
,
,
,
,
,
,
,
,
,
,
,
,
,
,
,
,
,
,
,
,
,
,
,
,
,
,
,
,
,
,
,
,
,
,
,
,
,
,
,
,
,
,
,
,
,
,
,
,
,
,
,
,
,
,
,
,
,
,
,
,
,
,
,
,
,
,
,
,
,
,
,
,
,
,
,
,
,
,
,
,
,
,
,
,
,
,
,
,
,
,
,
,
,
,
,
,
,
,
,
,
,
,
,
,
,
,
,
,
,
,
,
,
,
,
,
,
,
,
,
,
,
,
,
,
,
,
,
,
,
,
,
,
,
,
,
,
,
,
,
,
,
,
,
,
,
,
,
,
,
,
,
,
,
,
,
,
,
,
,
,
,
,
,
,
,
,
,
,
,
,
,
,
,
,
,
,
,
,
,
,
,
,
,
,
,
,
,
,
,
,
,
,
,
,
,
,
,
,
,
,
,
,
,
,
,
,
,
,
,
,
,
,
,
,
,
,
,
,
,
,
,
,
,
,
,
,
,
,
,
,
,
,
,
,
,
,
,
,
,
,
,
,
,
,
,
,
,
,
,
,
,
,
,
,
,
,
,
,
,
,
,
,
,
,
,
,
,
,
,
,
,
,
,
,
,
,
,
,
,
,
,
,
,
,
,
,
,
,
,
,
,
,
,
,
,
,
,
,
,
,
,
,
,
,
,
,
,
,
,
,
,
,
,
,
,
,
,
,
,
,
,
,
,
,
,
,
,
,
